AdminID,Position,HiringDate
1,Coordinator,2019-04-16
2,Manager,2016-04-18
3,Supervisor,2020-02-02
4,Manager,2016-01-13
5,Coordinator,2021-07-18
6,Manager,2023-03-10
7,Manager,2018-09-12
8,Coordinator,2017-08-21
9,Manager,2017-05-22
10,Coordinator,2019-11-18
11,Manager,2015-08-05
12,Coordinator,2024-04-17
13,Supervisor,2021-10-09
14,Manager,2022-12-04
15,Coordinator,2022-04-05
16,Supervisor,2024-06-15
17,Manager,2018-04-23
18,Manager,2016-02-11
19,Supervisor,2018-03-05
20,Coordinator,2023-04-14
21,Coordinator,2018-01-17
22,Manager,2019-10-22
23,Supervisor,2019-10-06
24,Coordinator,2016-07-22
25,Manager,2018-06-29
26,Manager,2022-07-26
27,Manager,2018-06-29
28,Coordinator,2022-09-28
29,Supervisor,2018-07-18
30,Manager,2024-02-02
31,Manager,2019-02-05
32,Coordinator,2022-04-26
33,Coordinator,2020-06-23
34,Manager,2018-08-22
35,Manager,2023-12-31
36,Manager,2018-02-17
37,Coordinator,2015-10-17
38,Coordinator,2018-04-14
39,Manager,2015-09-28
40,Manager,2020-07-14
41,Manager,2021-04-19
42,Supervisor,2018-03-05
43,Supervisor,2016-08-29
44,Supervisor,2021-11-04
45,Supervisor,2021-07-18
46,Supervisor,2017-03-15
47,Manager,2021-03-23
48,Supervisor,2020-07-13
49,Supervisor,2018-10-20
50,Coordinator,2021-08-30
51,Supervisor,2017-06-25
52,Manager,2016-12-02
53,Manager,2019-05-01
54,Manager,2018-05-07
55,Coordinator,2019-09-10
56,Manager,2022-09-27
57,Coordinator,2021-01-05
58,Supervisor,2022-05-17
59,Coordinator,2023-02-27
60,Coordinator,2017-02-07
61,Coordinator,2015-10-12
62,Manager,2017-07-08
63,Supervisor,2016-05-30
64,Coordinator,2016-08-08
65,Supervisor,2023-09-29
66,Manager,2022-01-07
67,Coordinator,2022-07-19
68,Manager,2022-01-10
69,Manager,2023-04-17
70,Manager,2018-12-24
71,Manager,2023-07-30
72,Manager,2021-06-22
73,Coordinator,2023-10-06
74,Supervisor,2018-06-16
75,Coordinator,2019-09-17
76,Coordinator,2016-09-26
77,Coordinator,2021-07-14
78,Coordinator,2015-10-08
79,Manager,2024-06-10
80,Coordinator,2020-02-16
81,Supervisor,2022-02-01
82,Supervisor,2022-03-03
83,Coordinator,2017-09-01
84,Manager,2016-11-15
85,Supervisor,2020-09-06
86,Coordinator,2023-08-16
87,Manager,2024-06-05
88,Supervisor,2022-03-28
89,Supervisor,2018-09-07
90,Supervisor,2018-07-12
91,Supervisor,2021-06-16
92,Manager,2019-01-13
93,Supervisor,2017-03-12
94,Coordinator,2019-02-12
95,Coordinator,2022-01-28
96,Supervisor,2019-02-22
97,Supervisor,2016-09-08
98,Supervisor,2023-01-19
99,Manager,2019-02-22
100,Supervisor,2019-10-17
